{
  "train": {
    "loss": [
      1.7077322602272034,
      1.1410818308591844,
      0.7985698193311691,
      0.6151939257979393,
      0.463462832570076,
      0.37267190515995025,
      0.31421341225504873,
      0.23764165937900544,
      0.21219030618667603,
      0.1910522248595953,
      0.19513393193483353,
      0.16492730267345906,
      0.1500682022422552,
      0.1479242105036974,
      0.1313719904050231,
      0.1308239672333002,
      0.10966505147516728,
      0.12979088984429837,
      0.09764155279845,
      0.09069986082613468,
      0.08648969801142811,
      0.10168076753616333,
      0.0909968288615346,
      0.06068568108603358,
      0.07337704366073013,
      0.07248417157679796
    ],
    "acc": [
      42.879746835443036,
      75.0,
      82.75316455696202,
      90.03164556962025,
      92.0886075949367,
      95.88607594936708,
      95.4113924050633,
      97.46835443037975,
      96.04430379746836,
      96.51898734177215,
      95.56962025316456,
      96.36075949367088,
      96.99367088607595,
      96.67721518987342,
      97.46835443037975,
      97.46835443037975,
      96.83544303797468,
      96.67721518987342,
      97.62658227848101,
      98.25949367088607,
      97.78481012658227,
      97.46835443037975,
      97.78481012658227,
      99.36708860759494,
      98.25949367088607,
      97.94303797468355
    ]
  },
  "val": {
    "loss": [
      1.986674165725708,
      1.3505006074905395,
      0.7099737167358399,
      0.4598802089691162,
      0.35423561930656433,
      0.2368081569671631,
      0.1626323938369751,
      0.15322304219007493,
      0.21598678827285767,
      0.24675209373235701,
      0.09972264319658279,
      0.06029552891850472,
      0.2679376184940338,
      0.03189683184027672,
      0.02499799206852913,
      0.01825158968567848,
      0.042187181487679484,
      0.01646730098873377,
      0.03779430501163006,
      0.1776216384023428,
      0.02045548614114523,
      0.011146765388548373,
      0.01482597142457962,
      0.005930864438414574,
      0.006119723059237003,
      0.04114536102861166
    ],
    "acc": [
      10.294117647058824,
      84.55882352941177,
      88.23529411764706,
      88.97058823529412,
      90.44117647058823,
      97.79411764705883,
      97.05882352941177,
      97.79411764705883,
      91.17647058823529,
      91.17647058823529,
      100.0,
      100.0,
      86.76470588235294,
      100.0,
      100.0,
      100.0,
      97.79411764705883,
      100.0,
      99.26470588235294,
      96.32352941176471,
      100.0,
      100.0,
      100.0,
      100.0,
      100.0,
      97.79411764705883
    ]
  },
  "best_val_acc": 100.0
}