{
  "train": {
    "loss": [
      0.8501375026610457,
      0.3413307272266845,
      0.2876617819865081,
      0.25646604881444723,
      0.23363801609919985,
      0.22474624854375455,
      0.20972630482538732,
      0.20499750779178166,
      0.1908267699770378,
      0.18855951709722282,
      0.1765202106302905,
      0.18124203158546526,
      0.17532225774249433,
      0.16970845241947347,
      0.16619833850095214,
      0.15991873380561591,
      0.1637864289905579,
      0.15715187478092502,
      0.1587722910115494,
      0.15250392834945434,
      0.15046704088472102,
      0.1521516788405903,
      0.1446995201850897,
      0.13955137024286596,
      0.1406411804485804,
      0.1346866607349112,
      0.1336329678833693,
      0.1344891861580882,
      0.1346276445237068,
      0.13255950296063668,
      0.1295725775067611,
      0.13230979197129758,
      0.12614201922210339,
      0.1238358980918882,
      0.12697054884862488,
      0.12290602211361752,
      0.127829808556446,
      0.1211903338597677,
      0.12199042807851315,
      0.1229430883738419,
      0.11754059942169429,
      0.1184277594049728,
      0.11519330583528829,
      0.1166150840527491,
      0.11328846856026409,
      0.11310778790675384,
      0.12017146892130591,
      0.11525565198083106,
      0.11052612431095987,
      0.11490044576723973,
      0.11394385324497905,
      0.11080691139626585,
      0.10890102462123676,
      0.10684175157053055,
      0.10899291937154225,
      0.10853305317619275,
      0.11455136437031888,
      0.10144315793229787,
      0.1048362954439126,
      0.11126219695783304,
      0.10234103954483388,
      0.10740134789597053,
      0.1072700319518198,
      0.0994226943654037,
      0.10038845818307604,
      0.10534015275960507,
      0.10371760652421948,
      0.104234656982414,
      0.0996435847780577,
      0.09812236820750088,
      0.0986055888025637,
      0.09610383155620647,
      0.10237451818663769,
      0.09601901877898461,
      0.09506620569602564,
      0.1014706788226736,
      0.09380773421994036,
      0.09465283227337982,
      0.09479012601468673,
      0.09629775168033543,
      0.09681927309019193,
      0.09838755785157317,
      0.09701440788878025,
      0.09311082708752631
    ],
    "acc": [
      76.61655822301996,
      89.57819160870541,
      91.26991249719542,
      92.272829257348,
      93.03118689701593,
      93.3497868521427,
      93.78954453668386,
      93.99596140901951,
      94.34372896567197,
      94.35943459726273,
      94.85304016154365,
      94.68027821404532,
      94.81938523670631,
      95.1110612519632,
      95.05496971056765,
      95.23894996634507,
      95.17388377832623,
      95.44985416199238,
      95.3511330491362,
      95.5844738613417,
      95.77967242539825,
      95.53735696656945,
      95.95243437289656,
      95.9658963428315,
      95.85146959838457,
      96.08256674893425,
      96.08032308727844,
      96.19923715503703,
      96.1072470271483,
      96.21269912497195,
      96.19250617006955,
      96.14987659860893,
      96.338344177698,
      96.37199910253534,
      96.28449629795827,
      96.47745120035898,
      96.30244559120484,
      96.45501458380076,
      96.53354274175454,
      96.34731882432129,
      96.5896342831501,
      96.5582230199686,
      96.61655822301996,
      96.63675117792236,
      96.7601525689926,
      96.66816244110389,
      96.56719766659188,
      96.68386807269464,
      96.76239623064842,
      96.6704061027597,
      96.65694413282478,
      96.84989903522549,
      96.83643706529055,
      96.84765537356967,
      96.90374691496523,
      96.85663002019295,
      96.70630468925286,
      97.06080323087278,
      96.89925959165357,
      96.85887368184878,
      96.97554408795153,
      96.87233565178371,
      96.84765537356967,
      97.0226609827238,
      97.08548350908683,
      96.99798070450976,
      97.05182858424949,
      96.9216962082118,
      97.14606237379404,
      97.14157505048239,
      97.20439757684541,
      97.15054969710567,
      97.06529055418443,
      97.34350459950639,
      97.15503702041732,
      96.96881310298407,
      97.26048911824097,
      97.27843841148754,
      97.29638770473413,
      97.18420462194301,
      97.20215391518958,
      97.1931792685663,
      97.22683419340363,
      97.37715952434372
    ]
  },
  "val": {
    "loss": [
      0.1863993246506987,
      0.1609537323070908,
      0.17338970344027746,
      0.11933631832901401,
      0.12024206154353692,
      0.09863895918382799,
      0.09987179375094764,
      0.07132294590672147,
      0.07136416867107502,
      0.07067405121606529,
      0.06899335855200737,
      0.06595921434655187,
      0.0729790990634893,
      0.06219161754002153,
      0.05622410766249304,
      0.07611930223663078,
      0.06044884627185806,
      0.06196401166234377,
      0.0709009691794484,
      0.05328759249380749,
      0.0503918649575223,
      0.0572136060582368,
      0.06574004736610604,
      0.050063519028928846,
      0.0551206048871593,
      0.06326868415134258,
      0.05905748712327986,
      0.07661792232084982,
      0.04703594451025751,
      0.06086098159366306,
      0.05017538490139858,
      0.05662599708853806,
      0.041913563885043116,
      0.048755232569933665,
      0.05307446654853302,
      0.04414373145919187,
      0.05013875709238258,
      0.04453049542422852,
      0.055028393922157956,
      0.04407401086896289,
      0.04231744188763572,
      0.04102130807820555,
      0.03946426829500229,
      0.04363799945598883,
      0.07700417109591463,
      0.04097129805311389,
      0.04453452815386205,
      0.04428894544608407,
      0.06318421110545479,
      0.04253996184796958,
      0.05430069243323983,
      0.0373148531910444,
      0.03795148410918472,
      0.041708035369923055,
      0.038566687455818205,
      0.0366406779717105,
      0.038822612422187486,
      0.03734511479937447,
      0.03767523032155224,
      0.03972743033685228,
      0.034687149528450804,
      0.03606213820630211,
      0.0339549919857788,
      0.03826848209695813,
      0.04051949317239219,
      0.03910395277409139,
      0.044481106660306226,
      0.03446628438804476,
      0.03257389248386345,
      0.06734032522276005,
      0.03332510896593688,
      0.03687022378946866,
      0.03889245974290478,
      0.051084277091706896,
      0.035845248731240405,
      0.036404328677923196,
      0.038630289208051186,
      0.035962316706441,
      0.03346948353949401,
      0.035315798152127945,
      0.034800482408330856,
      0.03878437212912092,
      0.03395533753407342,
      0.033208096637941484
    ],